{
  "algorithm": "XGBoost",
  "encoding": "AS_K-mers + Wavelet",
  "best_params": {
    "colsample_bytree": 0.8,
    "learning_rate": 0.1,
    "max_depth": 3,
    "n_estimators": 50,
    "subsample": 0.7
  },
  "best_score": 0.991167355944431,
  "cv_results": {
    "mean_test_score": [
      0.9911631838018271,
      0.9911549966492631,
      0.9909086912305438,
      0.990924678948961,
      0.9909205068063571,
      0.9909205068063571,
      0.9911631838018271,
      0.9909086912305438,
      0.9904159232604618,
      0.9909169569494297,
      0.9909205068063571,
      0.9909205068063571,
      0.9906580565365772,
      0.9909164132300751,
      0.9906656295310153,
      0.9906580565365772,
      0.9909164132300751,
      0.9906656295310153,
      0.9906705729643888,
      0.9909164132300748,
      0.9906656295310153,
      0.9906664008217849,
      0.9909122410874712,
      0.9909164917963966,
      0.991167355944431,
      0.9909086912305438,
      0.9904071069752828,
      0.990924678948961,
      0.9909205068063571,
      0.9904230946936998,
      0.991167355944431,
      0.9906622286791811,
      0.9904071069752828,
      0.990924678948961,
      0.990908612664222,
      0.9906694786787409,
      0.9906622286791811,
      0.990900346945336,
      0.9904072641079263,
      0.9906662672452622,
      0.9906540415266167,
      0.9904072641079263,
      0.990658135102899,
      0.990653962960295,
      0.9904113576842084,
      0.990658135102899,
      0.990653962960295,
      0.9904113576842084,
      0.9909204999594186,
      0.9904112005515648,
      0.9901650441379386,
      0.990924678948961,
      0.9904385658192242,
      0.9901921818341831,
      0.9909244599591782,
      0.9904112005515648,
      0.9901651227042603,
      0.990924678948961,
      0.9904343936766203,
      0.9901921818341831,
      0.990654041526617,
      0.9904075789752541,
      0.9904190011174178,
      0.9904163784032913,
      0.9904075789752541,
      0.9904190011174178,
      0.990654041526617,
      0.9904075789752541,
      0.9901767892749807,
      0.9906582136692206,
      0.9904075789752541,
      0.9904231732600216
    ],
    "std_test_score": [
      0.0032213692379043073,
      0.0032301294097860306,
      0.0035168515202201535,
      0.003501015186321887,
      0.0035062822521220362,
      0.0035062822521220362,
      0.0032213692379043073,
      0.0035168515202201535,
      0.003588598131776278,
      0.0035079278072328995,
      0.0035062822521220362,
      0.0035062822521220362,
      0.003762243278240019,
      0.0035041589872156736,
      0.0034178961818955708,
      0.003762243278240019,
      0.0035041589872156736,
      0.0034178961818955708,
      0.003755192425973564,
      0.003511461726233802,
      0.0034178961818955708,
      0.0037530248150911653,
      0.0035094358410858767,
      0.003504196928166289,
      0.0032232783666916952,
      0.0035168515202201535,
      0.0030346078330132317,
      0.003501015186321887,
      0.0035062822521220362,
      0.003025613161205277,
      0.0032232783666916952,
      0.0031548010658673867,
      0.0030346078330132317,
      0.003501015186321887,
      0.0035169222244739867,
      0.0034187928772686435,
      0.0037576037255192597,
      0.0035200383516207014,
      0.0036641345097373325,
      0.0037532624839559953,
      0.0037667535255940772,
      0.0036641345097373564,
      0.003762157125978252,
      0.0031576296089888124,
      0.003665304674086233,
      0.0037621571259782273,
      0.0031576296089888124,
      0.003665304674086233,
      0.003244994319505875,
      0.0030292027076207297,
      0.0032759412997753383,
      0.003501015186321887,
      0.003636654304105408,
      0.003252331214700368,
      0.003247114118468254,
      0.0030292027076207297,
      0.0032759703589984885,
      0.003501015186321887,
      0.0036411921434331422,
      0.003252331214700368,
      0.003766651153940839,
      0.0034128630850872046,
      0.0036517142167741897,
      0.0040475214106316755,
      0.0034128630850872046,
      0.0036517142167741897,
      0.003766651153940839,
      0.00341286308508719,
      0.0032692050377755287,
      0.003768824609658407,
      0.00341286308508719,
      0.0036527910885545533
    ],
    "params": [
      {
        "colsample_bytree": 0.7,
        "learning_rate": 0.1,
        "max_depth": 3,
        "n_estimators": 50,
        "subsample": 0.7
      },
      {
        "colsample_bytree": 0.7,
        "learning_rate": 0.1,
        "max_depth": 3,
        "n_estimators": 50,
        "subsample": 0.8
      },
      {
        "colsample_bytree": 0.7,
        "learning_rate": 0.1,
        "max_depth": 3,
        "n_estimators": 50,
        "subsample": 0.9
      },
      {
        "colsample_bytree": 0.7,
        "learning_rate": 0.1,
        "max_depth": 3,
        "n_estimators": 100,
        "subsample": 0.7
      },
      {
        "colsample_bytree": 0.7,
        "learning_rate": 0.1,
        "max_depth": 3,
        "n_estimators": 100,
        "subsample": 0.8
      },
      {
        "colsample_bytree": 0.7,
        "learning_rate": 0.1,
        "max_depth": 3,
        "n_estimators": 100,
        "subsample": 0.9
      },
      {
        "colsample_bytree": 0.7,
        "learning_rate": 0.1,
        "max_depth": 6,
        "n_estimators": 50,
        "subsample": 0.7
      },
      {
        "colsample_bytree": 0.7,
        "learning_rate": 0.1,
        "max_depth": 6,
        "n_estimators": 50,
        "subsample": 0.8
      },
      {
        "colsample_bytree": 0.7,
        "learning_rate": 0.1,
        "max_depth": 6,
        "n_estimators": 50,
        "subsample": 0.9
      },
      {
        "colsample_bytree": 0.7,
        "learning_rate": 0.1,
        "max_depth": 6,
        "n_estimators": 100,
        "subsample": 0.7
      },
      {
        "colsample_bytree": 0.7,
        "learning_rate": 0.1,
        "max_depth": 6,
        "n_estimators": 100,
        "subsample": 0.8
      },
      {
        "colsample_bytree": 0.7,
        "learning_rate": 0.1,
        "max_depth": 6,
        "n_estimators": 100,
        "subsample": 0.9
      },
      {
        "colsample_bytree": 0.7,
        "learning_rate": 0.3,
        "max_depth": 3,
        "n_estimators": 50,
        "subsample": 0.7
      },
      {
        "colsample_bytree": 0.7,
        "learning_rate": 0.3,
        "max_depth": 3,
        "n_estimators": 50,
        "subsample": 0.8
      },
      {
        "colsample_bytree": 0.7,
        "learning_rate": 0.3,
        "max_depth": 3,
        "n_estimators": 50,
        "subsample": 0.9
      },
      {
        "colsample_bytree": 0.7,
        "learning_rate": 0.3,
        "max_depth": 3,
        "n_estimators": 100,
        "subsample": 0.7
      },
      {
        "colsample_bytree": 0.7,
        "learning_rate": 0.3,
        "max_depth": 3,
        "n_estimators": 100,
        "subsample": 0.8
      },
      {
        "colsample_bytree": 0.7,
        "learning_rate": 0.3,
        "max_depth": 3,
        "n_estimators": 100,
        "subsample": 0.9
      },
      {
        "colsample_bytree": 0.7,
        "learning_rate": 0.3,
        "max_depth": 6,
        "n_estimators": 50,
        "subsample": 0.7
      },
      {
        "colsample_bytree": 0.7,
        "learning_rate": 0.3,
        "max_depth": 6,
        "n_estimators": 50,
        "subsample": 0.8
      },
      {
        "colsample_bytree": 0.7,
        "learning_rate": 0.3,
        "max_depth": 6,
        "n_estimators": 50,
        "subsample": 0.9
      },
      {
        "colsample_bytree": 0.7,
        "learning_rate": 0.3,
        "max_depth": 6,
        "n_estimators": 100,
        "subsample": 0.7
      },
      {
        "colsample_bytree": 0.7,
        "learning_rate": 0.3,
        "max_depth": 6,
        "n_estimators": 100,
        "subsample": 0.8
      },
      {
        "colsample_bytree": 0.7,
        "learning_rate": 0.3,
        "max_depth": 6,