{
  "algorithm": "XGBoost",
  "encoding": "AS_K-mers",
  "best_params": {
    "colsample_bytree": 0.7,
    "learning_rate": 0.1,
    "max_depth": 3,
    "n_estimators": 100,
    "subsample": 0.7
  },
  "best_score": 0.9909168066637246,
  "cv_results": {
    "mean_test_score": [
      0.9909044405216182,
      0.9909134058118901,
      0.9906667942554345,
      0.9909168066637246,
      0.9909092417968368,
      0.9906710449643601,
      0.9906622286791811,
      0.9909134058118901,
      0.9906626221128306,
      0.9909168066637246,
      0.990909163230515,
      0.9906668728217563,
      0.989922289856759,
      0.9901649736991673,
      0.990156841556804,
      0.989922289856759,
      0.9901649736991673,
      0.990156841556804,
      0.9901691458417712,
      0.9901692948468643,
      0.990156841556804,
      0.9899181177141552,
      0.9904203229744803,
      0.990156841556804,
      0.9906668728217563,
      0.9906670218268493,
      0.9909134843782119,
      0.9909090846641935,
      0.9909092417968368,
      0.9906710449643601,
      0.9906668728217563,
      0.9906670218268493,
      0.9909134843782119,
      0.9909168066637246,
      0.9909051482205549,
      0.9906668728217563,
      0.9901648165665238,
      0.9899265647238463,
      0.9899185897141264,
      0.9901767107086588,
      0.9899265647238463,
      0.9899185897141264,
      0.9896621040016471,
      0.9896825237197951,
      0.9899185897141264,
      0.9896621040016471,
      0.9901687765662833,
      0.9899185897141264,
      0.99041584469414,
      0.989929056709929,
      0.9904116725515362,
      0.9904235666936712,
      0.9901731762803021,
      0.9906580565365772,
      0.9901729487088872,
      0.990415993699233,
      0.9904116725515362,
      0.9904235666936712,
      0.990658685669192,
      0.9906579779702553,
      0.9899089599866595,
      0.9899167605525123,
      0.9896756151625519,
      0.9899089599866595,
      0.9901608015565635,
      0.989926643290168,
      0.9901567629904822,
      0.9901608015565635,
      0.9896797873051557,
      0.9901567629904822,
      0.9901608015565635,
      0.9899219991475929
    ],
    "std_test_score": [
      0.0028553878229695194,
      0.003152892351782601,
      0.0030575879513018095,
      0.0031525363424169694,
      0.003157143869345227,
      0.0034310775282411243,
      0.003056541587129745,
      0.003152892351782601,
      0.003061613671761876,
      0.0031525363424169694,
      0.0031572236741414282,
      0.003428705593938397,
      0.003425132332736606,
      0.0031999057218639517,
      0.0034790628719422487,
      0.003425132332736606,
      0.0031999057218639517,
      0.0034790628719422487,
      0.003298234203774779,
      0.0031965902827875334,
      0.0034790628719422487,
      0.0034248486262495026,
      0.0032320908432726093,
      0.0034790628719422487,
      0.003057637331744139,
      0.003057462737545693,
      0.0031528430400239436,
      0.0031571813811240705,
      0.003157143869345227,
      0.0034310775282411243,
      0.0030576061931005256,
      0.003057462737545693,
      0.0031528430400239436,
      0.0031525363424169694,
      0.0031597135670644876,
      0.003428705593938397,
      0.0034763448293199215,
      0.0034132562065911118,
      0.003757425765044131,
      0.0034724232340351572,
      0.0034132562065911118,
      0.003757425765044131,
      0.0036174613746724287,
      0.0036007751405854513,
      0.003757425765044131,
      0.0036174613746724287,
      0.0031969849752503596,
      0.003757425765044131,
      0.0030404795250063895,
      0.0034110205916728447,
      0.003044183953450274,
      0.003318372341005616,
      0.0034623221331686145,
      0.003060562460162599,
      0.0031937751212150547,
      0.00304034756406497,
      0.003044183953450274,
      0.003318372341005616,
      0.0034358510960882187,
      0.0030605446057559186,
      0.003683346465627976,
      0.003415974162631762,
      0.003523040039900114,
      0.003683346465627976,
      0.003199918865986866,
      0.0035914288425283325,
      0.0034790900020900727,
      0.003199918865986866,
      0.0036919795774220145,
      0.0034790900020900727,
      0.003199918865986866,
      0.0034223724481441307
    ],
    "params": [
      {
        "colsample_bytree": 0.7,
        "learning_rate": 0.1,
        "max_depth": 3,
        "n_estimators": 50,
        "subsample": 0.7
      },
      {
        "colsample_bytree": 0.7,
        "learning_rate": 0.1,
        "max_depth": 3,
        "n_estimators": 50,
        "subsample": 0.8
      },
      {
        "colsample_bytree": 0.7,
        "learning_rate": 0.1,
        "max_depth": 3,
        "n_estimators": 50,
        "subsample": 0.9
      },
      {
        "colsample_bytree": 0.7,
        "learning_rate": 0.1,
        "max_depth": 3,
        "n_estimators": 100,
        "subsample": 0.7
      },
      {
        "colsample_bytree": 0.7,
        "learning_rate": 0.1,
        "max_depth": 3,
        "n_estimators": 100,
        "subsample": 0.8
      },
      {
        "colsample_bytree": 0.7,
        "learning_rate": 0.1,
        "max_depth": 3,
        "n_estimators": 100,
        "subsample": 0.9
      },
      {
        "colsample_bytree": 0.7,
        "learning_rate": 0.1,
        "max_depth": 6,
        "n_estimators": 50,
        "subsample": 0.7
      },
      {
        "colsample_bytree": 0.7,
        "learning_rate": 0.1,
        "max_depth": 6,
        "n_estimators": 50,
        "subsample": 0.8
      },
      {
        "colsample_bytree": 0.7,
        "learning_rate": 0.1,
        "max_depth": 6,
        "n_estimators": 50,
        "subsample": 0.9
      },
      {
        "colsample_bytree": 0.7,
        "learning_rate": 0.1,
        "max_depth": 6,
        "n_estimators": 100,
        "subsample": 0.7
      },
      {
        "colsample_bytree": 0.7,
        "learning_rate": 0.1,
        "max_depth": 6,
        "n_estimators": 100,
        "subsample": 0.8
      },
      {
        "colsample_bytree": 0.7,
        "learning_rate": 0.1,
        "max_depth": 6,
        "n_estimators": 100,
        "subsample": 0.9
      },
      {
        "colsample_bytree": 0.7,
        "learning_rate": 0.3,
        "max_depth": 3,
        "n_estimators": 50,
        "subsample": 0.7
      },
      {
        "colsample_bytree": 0.7,
        "learning_rate": 0.3,
        "max_depth": 3,
        "n_estimators": 50,
        "subsample": 0.8
      },
      {
        "colsample_bytree": 0.7,
        "learning_rate": 0.3,
        "max_depth": 3,
        "n_estimators": 50,
        "subsample": 0.9
      },
      {
        "colsample_bytree": 0.7,
        "learning_rate": 0.3,
        "max_depth": 3,
        "n_estimators": 100,
        "subsample": 0.7
      },
      {
        "colsample_bytree": 0.7,
        "learning_rate": 0.3,
        "max_depth": 3,
        "n_estimators": 100,
        "subsample": 0.8
      },
      {
        "colsample_bytree": 0.7,
        "learning_rate": 0.3,
        "max_depth": 3,
        "n_estimators": 100,
        "subsample": 0.9
      },
      {
        "colsample_bytree": 0.7,
        "learning_rate": 0.3,
        "max_depth": 6,
        "n_estimators": 50,
        "subsample": 0.7
      },
      {
        "colsample_bytree": 0.7,
        "learning_rate": 0.3,
        "max_depth": 6,
        "n_estimators": 50,
        "subsample": 0.8
      },
      {
        "colsample_bytree": 0.7,
        "learning_rate": 0.3,
        "max_depth": 6,
        "n_estimators": 50,
        "subsample": 0.9
      },
      {
        "colsample_bytree": 0.7,
        "learning_rate": 0.3,
        "max_depth": 6,
        "n_estimators": 100,
        "subsample": 0.7
      },
      {
        "colsample_bytree": 0.7,
        "learning_rate": 0.3,
        "max_depth": 6,
        "n_estimators": 100,
        "subsample": 0.8
      },
      {
        "colsample_bytree": 0.7,
        "learning_rate": 0.3,
        "max_depth": 6,
        "n_estimators": 100,