{
  "algorithm": "XGBoost",
  "encoding": "AS_Wavelet",
  "best_params": {
    "colsample_bytree": 0.7,
    "learning_rate": 0.1,
    "max_depth": 6,
    "n_estimators": 50,
    "subsample": 0.8
  },
  "best_score": 0.9914145180671797,
  "cv_results": {
    "mean_test_score": [
      0.9906753661120569,
      0.9909210659542822,
      0.9906616149751366,
      0.9904287376984593,
      0.9909219072297413,
      0.9906671789594927,
      0.9906712725357748,
      0.9914145180671797,
      0.9906663376840337,
      0.9904246441221771,
      0.9909135629445336,
      0.990667100393171,
      0.9896764160247482,
      0.9904122612708883,
      0.9901658068470761,
      0.9891822290358846,
      0.9904121827045665,
      0.99016997898968,
      0.9899224388618519,
      0.9901570691282189,
      0.9904121908321171,
      0.9899266110044558,
      0.9901612331432721,
      0.990412190832117,
      0.990428227545429,
      0.9904322661115103,
      0.9901860311315623,
      0.9904121122657953,
      0.9904196388316648,
      0.9901774269892275,
      0.9904241339691471,
      0.9904321875451885,
      0.989939725712843,
      0.9904080186895131,
      0.9901813869889873,
      0.9904284551168437,
      0.9896721653158226,
      0.9904201658418369,
      0.9901653348471047,
      0.9896721653158226,
      0.9901691377142207,
      0.9901653348471047,
      0.9896726373157939,
      0.9901691377142207,
      0.9904163629747209,
      0.9894257813307815,
      0.9901691377142207,
      0.99016997898968,
      0.9901718203992717,
      0.9899213428379486,
      0.9894408791528339,
      0.9906584962508361,
      0.9899226282802077,
      0.9896845885803744,
      0.9901636882569083,
      0.9899213428379486,
      0.98943670701023,
      0.9901697668468357,
      0.9896716787189135,
      0.9899309725654154,
      0.9894242918732286,
      0.9896591387349808,
      0.9896717337291141,
      0.989424158296706,
      0.9894073757313985,
      0.9894253497440731,
      0.9894295923254482,
      0.9899143390052009,
      0.9896670895865389,
      0.9891818678879473,
      0.9899143390052009,
      0.9896670895865389
    ],
    "std_test_score": [
      0.002745692739955509,
      0.002513968611060675,
      0.002392264894103468,
      0.003590352522042159,
      0.003157228834689074,
      0.002743355031320495,
      0.0027501706656543707,
      0.0027925676911351167,
      0.002742405589144892,
      0.003587748586117657,
      0.0031575874170039816,
      0.0027434028777754025,
      0.003850239639386726,
      0.0033230919637130298,
      0.0033842374305859475,
      0.003327601405772696,
      0.0033231263976027125,
      0.003382703998127312,
      0.0037518309976033413,
      0.003643216343022048,
      0.003756814599217103,
      0.0037466491546665295,
      0.0036418285585592936,
      0.0037568137275460407,
      0.0031332987942259746,
      0.0030331478194694774,
      0.0026677510228392707,
      0.003595734220064063,
      0.00376258513680028,
      0.0033763000491511554,
      0.003583949661256561,
      0.003033186612550548,
      0.0030250555710040613,
      0.0035973503381546523,
      0.004104328257370931,
      0.0030348317876316964,
      0.003855074239806189,
      0.0037498621572708037,
      0.0038841320650589563,
      0.003855074239806189,
      0.003636609114253451,
      0.0038841320650589563,
      0.0036128039177172134,
      0.003636609114253451,
      0.0037551595687821964,
      0.003440398752562305,
      0.003636609114253451,
      0.003382703998127312,
      0.0033754359912170607,
      0.002718596943629636,
      0.002505719004344271,
      0.0035245993448719615,
      0.004204402462897934,
      0.003328892049266718,
      0.0033755131778061506,
      0.002718596943629636,
      0.0032359710029467087,
      0.003878808036857449,
      0.004070605091435584,
      0.003035192111628998,
      0.0037702497455874913,
      0.003851287141653029,
      0.004079120993120352,
      0.0037728637530610116,
      0.003772648510578108,
      0.0036896831282135782,
      0.003432769730674287,
      0.0037553372202438796,
      0.004080113474850939,
      0.003328012458649901,
      0.0037553372202438796,
      0.004080113474850939
    ],
    "params": [
      {
        "colsample_bytree": 0.7,
        "learning_rate": 0.1,
        "max_depth": 3,
        "n_estimators": 50,
        "subsample": 0.7
      },
      {
        "colsample_bytree": 0.7,
        "learning_rate": 0.1,
        "max_depth": 3,
        "n_estimators": 50,
        "subsample": 0.8
      },
      {
        "colsample_bytree": 0.7,
        "learning_rate": 0.1,
        "max_depth": 3,
        "n_estimators": 50,
        "subsample": 0.9
      },
      {
        "colsample_bytree": 0.7,
        "learning_rate": 0.1,
        "max_depth": 3,
        "n_estimators": 100,
        "subsample": 0.7
      },
      {
        "colsample_bytree": 0.7,
        "learning_rate": 0.1,
        "max_depth": 3,
        "n_estimators": 100,
        "subsample": 0.8
      },
      {
        "colsample_bytree": 0.7,
        "learning_rate": 0.1,
        "max_depth": 3,
        "n_estimators": 100,
        "subsample": 0.9
      },
      {
        "colsample_bytree": 0.7,
        "learning_rate": 0.1,
        "max_depth": 6,
        "n_estimators": 50,
        "subsample": 0.7
      },
      {
        "colsample_bytree": 0.7,
        "learning_rate": 0.1,
        "max_depth": 6,
        "n_estimators": 50,
        "subsample": 0.8
      },
      {
        "colsample_bytree": 0.7,
        "learning_rate": 0.1,
        "max_depth": 6,
        "n_estimators": 50,
        "subsample": 0.9
      },
      {
        "colsample_bytree": 0.7,
        "learning_rate": 0.1,
        "max_depth": 6,
        "n_estimators": 100,
        "subsample": 0.7
      },
      {
        "colsample_bytree": 0.7,
        "learning_rate": 0.1,
        "max_depth": 6,
        "n_estimators": 100,
        "subsample": 0.8
      },
      {
        "colsample_bytree": 0.7,
        "learning_rate": 0.1,
        "max_depth": 6,
        "n_estimators": 100,
        "subsample": 0.9
      },
      {
        "colsample_bytree": 0.7,
        "learning_rate": 0.3,
        "max_depth": 3,
        "n_estimators": 50,
        "subsample": 0.7
      },
      {
        "colsample_bytree": 0.7,
        "learning_rate": 0.3,
        "max_depth": 3,
        "n_estimators": 50,
        "subsample": 0.8
      },
      {
        "colsample_bytree": 0.7,
        "learning_rate": 0.3,
        "max_depth": 3,
        "n_estimators": 50,
        "subsample": 0.9
      },
      {
        "colsample_bytree": 0.7,
        "learning_rate": 0.3,
        "max_depth": 3,
        "n_estimators": 100,
        "subsample": 0.7
      },
      {
        "colsample_bytree": 0.7,
        "learning_rate": 0.3,
        "max_depth": 3,
        "n_estimators": 100,
        "subsample": 0.8
      },
      {
        "colsample_bytree": 0.7,
        "learning_rate": 0.3,
        "max_depth": 3,
        "n_estimators": 100,
        "subsample": 0.9
      },
      {
        "colsample_bytree": 0.7,
        "learning_rate": 0.3,
        "max_depth": 6,
        "n_estimators": 50,
        "subsample": 0.7
      },
      {
        "colsample_bytree": 0.7,
        "learning_rate": 0.3,
        "max_depth": 6,
        "n_estimators": 50,
        "subsample": 0.8
      },
      {
        "colsample_bytree": 0.7,
        "learning_rate": 0.3,
        "max_depth": 6,
        "n_estimators": 50,
        "subsample": 0.9
      },
      {
        "colsample_bytree": 0.7,
        "learning_rate": 0.3,
        "max_depth": 6,
        "n_estimators": 100,
        "subsample": 0.7
      },
      {
        "colsample_bytree": 0.7,
        "learning_rate": 0.3,
        "max_depth": 6,
        "n_estimators": 100,
        "subsample": 0.8
      },
      {
        "colsample_bytree": 0.7,
        "learning_rate": 0.3,
        "max_depth": 6,
        "n_estimators": 100,