{
  "algorithm": "XGBoost",
  "encoding": "PS_One Hot + FFT",
  "best_params": {
    "colsample_bytree": 0.8,
    "learning_rate": 0.1,
    "max_depth": 6,
    "n_estimators": 100,
    "subsample": 0.7
  },
  "best_score": 0.9862518845030743,
  "cv_results": {
    "mean_test_score": [
      0.9837852253380495,
      0.9828272481156002,
      0.9845537300158801,
      0.9857796610980716,
      0.985031701714912,
      0.9850524442799792,
      0.9840359149146659,
      0.9833299761090475,
      0.9845369687226689,
      0.9857664450988739,
      0.9857508185283942,
      0.9850481231322824,
      0.9842405965996781,
      0.9832704960733827,
      0.982549716003359,
      0.984244917747375,
      0.9827732410933689,
      0.9830381628257442,
      0.9832714262350513,
      0.9830400929598202,
      0.983037295801827,
      0.98351371664381,
      0.9830318440980761,
      0.9830414679444306,
      0.9840255573396304,
      0.9837951200603984,
      0.982812957283295,
      0.9859954409421136,
      0.9845226854396941,
      0.9845475215810433,
      0.9840480614649488,
      0.9835260560629685,
      0.9825774142600092,
      0.9862518845030743,
      0.9855006471048077,
      0.9845393894386799,
      0.9827666219646796,
      0.982285954264271,
      0.9825575274110481,
      0.9827702758267026,
      0.9825369823918872,
      0.9825575274110481,
      0.9835268782348476,
      0.9832629299258826,
      0.9828026526767776,
      0.9835268782348476,
      0.9830119017982668,
      0.9828026526767776,
      0.9823231139827222,
      0.9830431791060518,
      0.9820657188643773,
      0.9850262705774867,
      0.9850203169962155,
      0.9835659133549266,
      0.9825626539571081,
      0.9827954652639488,
      0.9816057997443417,
      0.9840503527438816,
      0.9845351390052646,
      0.9835646619366354,
      0.9823114428647644,
      0.9807756874536601,
      0.9822857244326524,
      0.9817941467576317,
      0.9802817126076405,
      0.9822857244326524,
      0.9822964503197562,
      0.981756954855592,
      0.9830337412137677,
      0.9827976648454477,
      0.9820078171209732,
      0.9830337412137677
    ],
    "std_test_score": [
      0.004757124927508412,
      0.0028699229345392836,
      0.0034901485459890333,
      0.0028069843212792885,
      0.0020949019623799476,
      0.0019446546477452805,
      0.004143056623765588,
      0.0033033018375228044,
      0.003978177824901399,
      0.002920922906829268,
      0.0023914010555775894,
      0.0024874186742895373,
      0.0023946815641644357,
      0.002277116857706245,
      0.002717443804085927,
      0.0023964589563439023,
      0.0019014006294848641,
      0.0023643191306610568,
      0.0031717935714111203,
      0.0019746030868522894,
      0.0020839768117961585,
      0.0032639967122118354,
      0.0019757161602577183,
      0.0020907628561507483,
      0.004792029493054181,
      0.0031053327054328724,
      0.004018300723276232,
      0.002948180684705167,
      0.003582948563195286,
      0.0026582734798003453,
      0.004146882960312284,
      0.003141502450997523,
      0.005704030801739325,
      0.002360569050740893,
      0.003105936966339404,
      0.003349901263042379,
      0.0020417445077506764,
      0.002641624251441474,
      0.0028367218525471587,
      0.0023205362527803437,
      0.002846385815243013,
      0.0028367218525471587,
      0.0027392462208477276,
      0.003173840472925302,
      0.004447131123486069,
      0.0027392462208477276,
      0.003055371492709853,
      0.004447131123486069,
      0.005072983877821905,
      0.0036313989294042472,
      0.005440724529793629,
      0.004175078110152013,
      0.003305425741399508,
      0.003828474345581302,
      0.004938457963894211,
      0.00400232745101269,
      0.0057495387431821246,
      0.003424565915416528,
      0.0033246537169772787,
      0.003162623458264128,
      0.0035882124160091437,
      0.0043206519904384144,
      0.003159543527066589,
      0.0035203085051785164,
      0.004285558629596512,
      0.003159543527066589,
      0.003049300432981275,
      0.0036983129098174,
      0.0033173171204358013,
      0.003285887116858049,
      0.003540648871967771,
      0.0033173171204358013
    ],
    "params": [
      {
        "colsample_bytree": 0.7,
        "learning_rate": 0.1,
        "max_depth": 3,
        "n_estimators": 50,
        "subsample": 0.7
      },
      {
        "colsample_bytree": 0.7,
        "learning_rate": 0.1,
        "max_depth": 3,
        "n_estimators": 50,
        "subsample": 0.8
      },
      {
        "colsample_bytree": 0.7,
        "learning_rate": 0.1,
        "max_depth": 3,
        "n_estimators": 50,
        "subsample": 0.9
      },
      {
        "colsample_bytree": 0.7,
        "learning_rate": 0.1,
        "max_depth": 3,
        "n_estimators": 100,
        "subsample": 0.7
      },
      {
        "colsample_bytree": 0.7,
        "learning_rate": 0.1,
        "max_depth": 3,
        "n_estimators": 100,
        "subsample": 0.8
      },
      {
        "colsample_bytree": 0.7,
        "learning_rate": 0.1,
        "max_depth": 3,
        "n_estimators": 100,
        "subsample": 0.9
      },
      {
        "colsample_bytree": 0.7,
        "learning_rate": 0.1,
        "max_depth": 6,
        "n_estimators": 50,
        "subsample": 0.7
      },
      {
        "colsample_bytree": 0.7,
        "learning_rate": 0.1,
        "max_depth": 6,
        "n_estimators": 50,
        "subsample": 0.8
      },
      {
        "colsample_bytree": 0.7,
        "learning_rate": 0.1,
        "max_depth": 6,
        "n_estimators": 50,
        "subsample": 0.9
      },
      {
        "colsample_bytree": 0.7,
        "learning_rate": 0.1,
        "max_depth": 6,
        "n_estimators": 100,
        "subsample": 0.7
      },
      {
        "colsample_bytree": 0.7,
        "learning_rate": 0.1,
        "max_depth": 6,
        "n_estimators": 100,
        "subsample": 0.8
      },
      {
        "colsample_bytree": 0.7,
        "learning_rate": 0.1,
        "max_depth": 6,
        "n_estimators": 100,
        "subsample": 0.9
      },
      {
        "colsample_bytree": 0.7,
        "learning_rate": 0.3,
        "max_depth": 3,
        "n_estimators": 50,
        "subsample": 0.7
      },
      {
        "colsample_bytree": 0.7,
        "learning_rate": 0.3,
        "max_depth": 3,
        "n_estimators": 50,
        "subsample": 0.8
      },
      {
        "colsample_bytree": 0.7,
        "learning_rate": 0.3,
        "max_depth": 3,
        "n_estimators": 50,
        "subsample": 0.9
      },
      {
        "colsample_bytree": 0.7,
        "learning_rate": 0.3,
        "max_depth": 3,
        "n_estimators": 100,
        "subsample": 0.7
      },
      {
        "colsample_bytree": 0.7,
        "learning_rate": 0.3,
        "max_depth": 3,
        "n_estimators": 100,
        "subsample": 0.8
      },
      {
        "colsample_bytree": 0.7,
        "learning_rate": 0.3,
        "max_depth": 3,
        "n_estimators": 100,
        "subsample": 0.9
      },
      {
        "colsample_bytree": 0.7,
        "learning_rate": 0.3,
        "max_depth": 6,
        "n_estimators": 50,
        "subsample": 0.7
      },
      {
        "colsample_bytree": 0.7,
        "learning_rate": 0.3,
        "max_depth": 6,
        "n_estimators": 50,
        "subsample": 0.8
      },
      {
        "colsample_bytree": 0.7,
        "learning_rate": 0.3,
        "max_depth": 6,
        "n_estimators": 50,
        "subsample": 0.9
      },
      {
        "colsample_bytree": 0.7,
        "learning_rate": 0.3,
        "max_depth": 6,
        "n_estimators": 100,
        "subsample": 0.7
      },
      {
        "colsample_bytree": 0.7,
        "learning_rate": 0.3,
        "max_depth": 6,
        "n_estimators": 100,
        "subsample": 0.8
      },
      {
        "colsample_bytree": 0.7,
        "learning_rate": 0.3,
        "max_depth": 6,
        "n_estimators": 100,