{
  "algorithm": "XGBoost",
  "encoding": "PS_FFT",
  "best_params": {
    "colsample_bytree": 0.7,
    "learning_rate": 0.1,
    "max_depth": 3,
    "n_estimators": 100,
    "subsample": 0.8
  },
  "best_score": 0.9839885384343887,
  "cv_results": {
    "mean_test_score": [
      0.9808069609109449,
      0.9815463521568697,
      0.9795940470945285,
      0.9832739460543051,
      0.9839885384343887,
      0.9817891527186587,
      0.9820350475710764,
      0.9800687373554859,
      0.9803206840504112,
      0.9839859443097719,
      0.9827647183658348,
      0.9815514191565621,
      0.9797963899962709,
      0.9788540160507097,
      0.9795867777868328,
      0.9805310019618736,
      0.9790847491795581,
      0.9796041058097507,
      0.9810339830561097,
      0.9795629731430958,
      0.9793239816956454,
      0.981034542351994,
      0.980055575250943,
      0.9798131904006373,
      0.9817724935717109,
      0.9815329997189048,
      0.9786165515911117,
      0.9830358057932536,
      0.9817755194541803,
      0.9815523208935263,
      0.9808171911768891,
      0.9805772179146894,
      0.9791042793204445,
      0.9835371456199578,
      0.9820331636908628,
      0.9818013361413884,
      0.9813012103460075,
      0.9812989742390006,
      0.9793765179240408,
      0.9815354718879069,
      0.9810329337500509,
      0.9793788398979366,
      0.9827688714048588,
      0.9820182035720991,
      0.9786590266299132,
      0.9827804043990565,
      0.9827773436747526,
      0.9786590266299132,
      0.9795664752375194,
      0.9808175407689855,
      0.9784134762310593,
      0.9825591582520234,
      0.9820540867151027,
      0.9815466097537927,
      0.9818130171320154,
      0.9805666369372805,
      0.9788589009879223,
      0.9837822096305893,
      0.9813001216156969,
      0.9815655063161952,
      0.9808095610952454,
      0.981291432542019,
      0.9791737422517238,
      0.9808129983618832,
      0.9815296843846966,
      0.9796665887881277,
      0.9803209010067822,
      0.9805420402339369,
      0.9796041445898792,
      0.9808070619772653,
      0.9807932173666458,
      0.9795893247466172
    ],
    "std_test_score": [
      0.0034104016723516626,
      0.004310521261471809,
      0.005170473092797311,
      0.004204635757420755,
      0.0037290589203787337,
      0.003403204915270479,
      0.004222133742680193,
      0.0036666779592563993,
      0.005143569027131463,
      0.004392674292780675,
      0.0030859412821361,
      0.004029938798201215,
      0.0027985766626558504,
      0.003708965151624064,
      0.003982455171064947,
      0.0035395820661477022,
      0.0036862386813160592,
      0.003905748500868153,
      0.002816905812312582,
      0.0024952805740465307,
      0.004749050617087303,
      0.0032097300961525673,
      0.0020644429814931013,
      0.0048775606600983505,
      0.004872295329182552,
      0.005189844885059461,
      0.005549198826954011,
      0.004652057764147238,
      0.004394387530551821,
      0.0043946183257998735,
      0.005454989434410965,
      0.004532285645338109,
      0.005408934246114942,
      0.0043997457303112586,
      0.005106477635170721,
      0.004559107298416074,
      0.004602013068356331,
      0.004612871852723338,
      0.005076279072622834,
      0.005027491324627112,
      0.004153272386745043,
      0.005194941774468117,
      0.00395312363351576,
      0.004399626049978765,
      0.005629126943309582,
      0.004315533648903035,
      0.0038854107276111507,
      0.005629126943309582,
      0.005523587474184856,
      0.005614806975566669,
      0.005827429065957469,
      0.004264196793685141,
      0.004534865827032099,
      0.0043101743110105775,
      0.0054396998000392,
      0.004319217189349549,
      0.005510446732143737,
      0.004463244523328133,
      0.004604302355733475,
      0.004889681991876389,
      0.003518335650000707,
      0.0023576752069252613,
      0.006320636612473502,
      0.0036056656396841833,
      0.002782663800216819,
      0.006067375788560618,
      0.004308449970457767,
      0.0030682832678339397,
      0.004283234052823337,
      0.004563329105596921,
      0.003082421094698208,
      0.003912451975471907
    ],
    "params": [
      {
        "colsample_bytree": 0.7,
        "learning_rate": 0.1,
        "max_depth": 3,
        "n_estimators": 50,
        "subsample": 0.7
      },
      {
        "colsample_bytree": 0.7,
        "learning_rate": 0.1,
        "max_depth": 3,
        "n_estimators": 50,
        "subsample": 0.8
      },
      {
        "colsample_bytree": 0.7,
        "learning_rate": 0.1,
        "max_depth": 3,
        "n_estimators": 50,
        "subsample": 0.9
      },
      {
        "colsample_bytree": 0.7,
        "learning_rate": 0.1,
        "max_depth": 3,
        "n_estimators": 100,
        "subsample": 0.7
      },
      {
        "colsample_bytree": 0.7,
        "learning_rate": 0.1,
        "max_depth": 3,
        "n_estimators": 100,
        "subsample": 0.8
      },
      {
        "colsample_bytree": 0.7,
        "learning_rate": 0.1,
        "max_depth": 3,
        "n_estimators": 100,
        "subsample": 0.9
      },
      {
        "colsample_bytree": 0.7,
        "learning_rate": 0.1,
        "max_depth": 6,
        "n_estimators": 50,
        "subsample": 0.7
      },
      {
        "colsample_bytree": 0.7,
        "learning_rate": 0.1,
        "max_depth": 6,
        "n_estimators": 50,
        "subsample": 0.8
      },
      {
        "colsample_bytree": 0.7,
        "learning_rate": 0.1,
        "max_depth": 6,
        "n_estimators": 50,
        "subsample": 0.9
      },
      {
        "colsample_bytree": 0.7,
        "learning_rate": 0.1,
        "max_depth": 6,
        "n_estimators": 100,
        "subsample": 0.7
      },
      {
        "colsample_bytree": 0.7,
        "learning_rate": 0.1,
        "max_depth": 6,
        "n_estimators": 100,
        "subsample": 0.8
      },
      {
        "colsample_bytree": 0.7,
        "learning_rate": 0.1,
        "max_depth": 6,
        "n_estimators": 100,
        "subsample": 0.9
      },
      {
        "colsample_bytree": 0.7,
        "learning_rate": 0.3,
        "max_depth": 3,
        "n_estimators": 50,
        "subsample": 0.7
      },
      {
        "colsample_bytree": 0.7,
        "learning_rate": 0.3,
        "max_depth": 3,
        "n_estimators": 50,
        "subsample": 0.8
      },
      {
        "colsample_bytree": 0.7,
        "learning_rate": 0.3,
        "max_depth": 3,
        "n_estimators": 50,
        "subsample": 0.9
      },
      {
        "colsample_bytree": 0.7,
        "learning_rate": 0.3,
        "max_depth": 3,
        "n_estimators": 100,
        "subsample": 0.7
      },
      {
        "colsample_bytree": 0.7,
        "learning_rate": 0.3,
        "max_depth": 3,
        "n_estimators": 100,
        "subsample": 0.8
      },
      {
        "colsample_bytree": 0.7,
        "learning_rate": 0.3,
        "max_depth": 3,
        "n_estimators": 100,
        "subsample": 0.9
      },
      {
        "colsample_bytree": 0.7,
        "learning_rate": 0.3,
        "max_depth": 6,
        "n_estimators": 50,
        "subsample": 0.7
      },
      {
        "colsample_bytree": 0.7,
        "learning_rate": 0.3,
        "max_depth": 6,
        "n_estimators": 50,
        "subsample": 0.8
      },
      {
        "colsample_bytree": 0.7,
        "learning_rate": 0.3,
        "max_depth": 6,
        "n_estimators": 50,
        "subsample": 0.9
      },
      {
        "colsample_bytree": 0.7,
        "learning_rate": 0.3,
        "max_depth": 6,
        "n_estimators": 100,
        "subsample": 0.7
      },
      {
        "colsample_bytree": 0.7,
        "learning_rate": 0.3,
        "max_depth": 6,
        "n_estimators": 100,
        "subsample": 0.8
      },
      {
        "colsample_bytree": 0.7,
        "learning_rate": 0.3,
        "max_depth": 6,
        "n_estimators": 100,