{
  "algorithm": "XGBoost",
  "encoding": "AS_One Hot",
  "best_params": {
    "colsample_bytree": 0.7,
    "learning_rate": 0.1,
    "max_depth": 3,
    "n_estimators": 50,
    "subsample": 0.7
  },
  "best_score": 0.9906814686984211,
  "cv_results": {
    "mean_test_score": [
      0.9906814686984211,
      0.9906662436891412,
      0.9906740442549943,
      0.9906741228213161,
      0.9906699506787122,
      0.9906782163975981,
      0.9906814686984211,
      0.9906780592649544,
      0.9906782163975981,
      0.990411751117858,
      0.9906700996838051,
      0.9906741228213161,
      0.9901696178417426,
      0.9904278174025969,
      0.9901815824226488,
      0.9904118296841797,
      0.9901856055601597,
      0.9899352770039297,
      0.9901737899843465,
      0.9904272668363037,
      0.990177410280045,
      0.9901738685506682,
      0.9906741228213161,
      0.9904237156987641,
      0.9899489104332135,
      0.9896904664438028,
      0.9894600937332998,
      0.9901731058415308,
      0.9906700996838051,
      0.9899347264376365,
      0.9899489104332135,
      0.9894559766008968,
      0.989704134737351,
      0.9904160018267836,
      0.9904237942650859,
      0.9896884995852391,
      0.989934909009054,
      0.9899389771465621,
      0.9899353555702513,
      0.9901776714177842,
      0.9896807775857079,
      0.9899353555702513,
      0.9896923191615377,
      0.9894646177354997,
      0.9894415100237042,
      0.9896831695615926,
      0.9892182337504588,
      0.9894415100237042,
      0.989702832585909,
      0.9891980046114572,
      0.9889552490496654,
      0.9899331584137616,
      0.9896926636002924,
      0.9896841703099917,
      0.9896910170100958,
      0.9891980046114572,
      0.9889552490496654,
      0.9899331584137616,
      0.9896926636002924,
      0.9899264607187506,
      0.989678368286374,
      0.989190947049121,
      0.9894456035999862,
      0.9894320628676547,
      0.9889350904692567,
      0.9894456035999862,
      0.989678368286374,
      0.9892027626249342,
      0.9892015625959351,
      0.9894240092916131,
      0.9892027626249342,
      0.9892015625959351
    ],
    "std_test_score": [
      0.0034263627472422833,
      0.0035181882607232032,
      0.0035133497344723183,
      0.0036888966343444603,
      0.0036894279292561034,
      0.003688289656581778,
      0.0034263627472422833,
      0.003508436974301746,
      0.00351568080730722,
      0.003765366335559166,
      0.0036892084835399297,
      0.003688844167342347,
      0.0038801922012333774,
      0.0037509618491170906,
      0.004011471455919092,
      0.00359316318849218,
      0.003870314947212889,
      0.0040425367508890725,
      0.003877591640691406,
      0.003589978561902581,
      0.0034473289339964426,
      0.0038776413970219503,
      0.0034329661105313484,
      0.003813003070135491,
      0.0039030505909870474,
      0.004148780689367388,
      0.004283287799776955,
      0.0038845385266911,
      0.0036892084835399297,
      0.004055447108679596,
      0.0039030505909870474,
      0.00441606824916633,
      0.004140053925132371,
      0.003759505213277656,
      0.0037565122768453,
      0.0041450925911890955,
      0.00398334693432455,
      0.0040506713282189,
      0.004042588707066723,
      0.0037149573748527544,
      0.0042912275753686545,
      0.004042588707066723,
      0.004137100412326968,
      0.00427360255699095,
      0.004350070854359383,
      0.004075384841467885,
      0.004460406582098908,
      0.004350070854359383,
      0.0041447808986227585,
      0.0046180156026879,
      0.00470912021378879,
      0.00406785119568602,
      0.004286147554660229,
      0.00435107650321101,
      0.004150262835448904,
      0.004618015602687937,
      0.00470912021378879,
      0.00406785119568602,
      0.004286147554660229,
      0.004053883020817834,
      0.0041607753020463795,
      0.004483819111655278,
      0.004353058138093565,
      0.004298574263844875,
      0.004663779817616527,
      0.004353058138093565,
      0.0041607753020463795,
      0.004473559564678898,
      0.004475426083587453,
      0.004303957464582968,
      0.004473559564678898,
      0.004475426083587453
    ],
    "params": [
      {
        "colsample_bytree": 0.7,
        "learning_rate": 0.1,
        "max_depth": 3,
        "n_estimators": 50,
        "subsample": 0.7
      },
      {
        "colsample_bytree": 0.7,
        "learning_rate": 0.1,
        "max_depth": 3,
        "n_estimators": 50,
        "subsample": 0.8
      },
      {
        "colsample_bytree": 0.7,
        "learning_rate": 0.1,
        "max_depth": 3,
        "n_estimators": 50,
        "subsample": 0.9
      },
      {
        "colsample_bytree": 0.7,
        "learning_rate": 0.1,
        "max_depth": 3,
        "n_estimators": 100,
        "subsample": 0.7
      },
      {
        "colsample_bytree": 0.7,
        "learning_rate": 0.1,
        "max_depth": 3,
        "n_estimators": 100,
        "subsample": 0.8
      },
      {
        "colsample_bytree": 0.7,
        "learning_rate": 0.1,
        "max_depth": 3,
        "n_estimators": 100,
        "subsample": 0.9
      },
      {
        "colsample_bytree": 0.7,
        "learning_rate": 0.1,
        "max_depth": 6,
        "n_estimators": 50,
        "subsample": 0.7
      },
      {
        "colsample_bytree": 0.7,
        "learning_rate": 0.1,
        "max_depth": 6,
        "n_estimators": 50,
        "subsample": 0.8
      },
      {
        "colsample_bytree": 0.7,
        "learning_rate": 0.1,
        "max_depth": 6,
        "n_estimators": 50,
        "subsample": 0.9
      },
      {
        "colsample_bytree": 0.7,
        "learning_rate": 0.1,
        "max_depth": 6,
        "n_estimators": 100,
        "subsample": 0.7
      },
      {
        "colsample_bytree": 0.7,
        "learning_rate": 0.1,
        "max_depth": 6,
        "n_estimators": 100,
        "subsample": 0.8
      },
      {
        "colsample_bytree": 0.7,
        "learning_rate": 0.1,
        "max_depth": 6,
        "n_estimators": 100,
        "subsample": 0.9
      },
      {
        "colsample_bytree": 0.7,
        "learning_rate": 0.3,
        "max_depth": 3,
        "n_estimators": 50,
        "subsample": 0.7
      },
      {
        "colsample_bytree": 0.7,
        "learning_rate": 0.3,
        "max_depth": 3,
        "n_estimators": 50,
        "subsample": 0.8
      },
      {
        "colsample_bytree": 0.7,
        "learning_rate": 0.3,
        "max_depth": 3,
        "n_estimators": 50,
        "subsample": 0.9
      },
      {
        "colsample_bytree": 0.7,
        "learning_rate": 0.3,
        "max_depth": 3,
        "n_estimators": 100,
        "subsample": 0.7
      },
      {
        "colsample_bytree": 0.7,
        "learning_rate": 0.3,
        "max_depth": 3,
        "n_estimators": 100,
        "subsample": 0.8
      },
      {
        "colsample_bytree": 0.7,
        "learning_rate": 0.3,
        "max_depth": 3,
        "n_estimators": 100,
        "subsample": 0.9
      },
      {
        "colsample_bytree": 0.7,
        "learning_rate": 0.3,
        "max_depth": 6,
        "n_estimators": 50,
        "subsample": 0.7
      },
      {
        "colsample_bytree": 0.7,
        "learning_rate": 0.3,
        "max_depth": 6,
        "n_estimators": 50,
        "subsample": 0.8
      },
      {
        "colsample_bytree": 0.7,
        "learning_rate": 0.3,
        "max_depth": 6,
        "n_estimators": 50,
        "subsample": 0.9
      },
      {
        "colsample_bytree": 0.7,
        "learning_rate": 0.3,
        "max_depth": 6,
        "n_estimators": 100,
        "subsample": 0.7
      },
      {
        "colsample_bytree": 0.7,
        "learning_rate": 0.3,
        "max_depth": 6,
        "n_estimators": 100,
        "subsample": 0.8
      },
      {
        "colsample_bytree": 0.7,
        "learning_rate": 0.3,
        "max_depth": 6,
        "n_estimators": 100,