{
  "algorithm": "XGBoost",
  "encoding": "AS_One Hot + FFT",
  "best_params": {
    "colsample_bytree": 0.7,
    "learning_rate": 0.1,
    "max_depth": 3,
    "n_estimators": 100,
    "subsample": 0.8
  },
  "best_score": 0.9907049259659239,
  "cv_results": {
    "mean_test_score": [
      0.9906742799539595,
      0.9901925048290616,
      0.9906701863776775,
      0.9906813369575458,
      0.9907049259659239,
      0.9904435329566779,
      0.9904238023926364,
      0.9904479158135546,
      0.9906701863776775,
      0.9906814155238676,
      0.9906902230794554,
      0.9904479326706964,
      0.9896722930249986,
      0.9889353181886307,
      0.9891695717305303,
      0.9896722930249986,
      0.9889353181886307,
      0.9891695717305303,
      0.9894259876062794,
      0.9886890127699115,
      0.9886768823267703,
      0.9896722930249986,
      0.9886931063461935,
      0.9884260986277107,
      0.9896888225801174,
      0.9899466714103138,
      0.9894378730188229,
      0.9901775057035085,
      0.9904585419808829,
      0.9904282108362464,
      0.9899351279988367,
      0.9899466714103138,
      0.9894380388810579,
      0.9904237325559061,
      0.9907049259659239,
      0.9904238896885496,
      0.9891793673202323,
      0.9894413293349397,
      0.9894205212918248,
      0.9891877820442112,
      0.9894413293349397,
      0.9894205212918248,
      0.9889370769114734,
      0.9894371653198863,
      0.9894261447389228,
      0.9891834608965144,
      0.9891949534774491,
      0.989426066172601,
      0.9899275550043984,
      0.990678994535306,
      0.9894374883147649,
      0.990173254994583,
      0.9906747519539308,
      0.9901771122698589,
      0.9901739389894395,
      0.9901864622641894,
      0.9894375668810864,
      0.990173254994583,
      0.9904326186778155,
      0.9901969045430802,
      0.9891833823301927,
      0.9896883424525955,
      0.9894162705828993,
      0.9889413194928484,
      0.989683942738577,
      0.9894162705828993,
      0.9894303168815266,
      0.9891957316151571,
      0.9891796036212384,
      0.9889418700591415,
      0.9891957316151571,
      0.9891796036212384
    ],
    "std_test_score": [
      0.0034125267319785337,
      0.003353407929133112,
      0.003337941439645859,
      0.003118624615872195,
      0.0027871003370769417,
      0.0035589793055426666,
      0.003402049632866729,
      0.0031991320825787073,
      0.003337941439645859,
      0.003118673169244584,
      0.0028080802052455373,
      0.003554426713543708,
      0.0031604387803671925,
      0.002557659684047647,
      0.002090265946655249,
      0.0031604387803671925,
      0.002557659684047647,
      0.002090265946655249,
      0.0027515317123168793,
      0.0020901586372190297,
      0.002362837478480582,
      0.0031604387803671925,
      0.002090557008402456,
      0.0025165825424037667,
      0.00375558281562687,
      0.0030139645711458555,
      0.0025069265290968497,
      0.0031767987766816315,
      0.002771278047228025,
      0.0033970074021120286,
      0.0036563567484036315,
      0.0030139645711458555,
      0.002506811599729502,
      0.0031164552618430596,
      0.0027871697679097912,
      0.003401894378406806,
      0.0032359667917021607,
      0.0034111610259244573,
      0.00378474753142263,
      0.0032385155285254577,
      0.0034111610259244573,
      0.00378474753142263,
      0.0034755782421921145,
      0.0037518839007946686,
      0.0037703502843151365,
      0.0032371960176557336,
      0.003574378574060752,
      0.0037702839655093055,
      0.0033263333371590384,
      0.0029368550156735227,
      0.0027401605187608556,
      0.0031894374061088655,
      0.002939198042580601,
      0.0034571048429617906,
      0.0037205495955694324,
      0.002660208048840512,
      0.003339295762991576,
      0.0031894374061088655,
      0.0030197798913468295,
      0.003436623488194477,
      0.003989675965217717,
      0.003131108689184629,
      0.003781355467266778,
      0.0038057094807887586,
      0.0031338773098120334,
      0.003781355467266778,
      0.003695579309131707,
      0.003115740186480421,
      0.0034169870918351747,
      0.0032066622263530326,
      0.003115740186480421,
      0.0034169870918351747
    ],
    "params": [
      {
        "colsample_bytree": 0.7,
        "learning_rate": 0.1,
        "max_depth": 3,
        "n_estimators": 50,
        "subsample": 0.7
      },
      {
        "colsample_bytree": 0.7,
        "learning_rate": 0.1,
        "max_depth": 3,
        "n_estimators": 50,
        "subsample": 0.8
      },
      {
        "colsample_bytree": 0.7,
        "learning_rate": 0.1,
        "max_depth": 3,
        "n_estimators": 50,
        "subsample": 0.9
      },
      {
        "colsample_bytree": 0.7,
        "learning_rate": 0.1,
        "max_depth": 3,
        "n_estimators": 100,
        "subsample": 0.7
      },
      {
        "colsample_bytree": 0.7,
        "learning_rate": 0.1,
        "max_depth": 3,
        "n_estimators": 100,
        "subsample": 0.8
      },
      {
        "colsample_bytree": 0.7,
        "learning_rate": 0.1,
        "max_depth": 3,
        "n_estimators": 100,
        "subsample": 0.9
      },
      {
        "colsample_bytree": 0.7,
        "learning_rate": 0.1,
        "max_depth": 6,
        "n_estimators": 50,
        "subsample": 0.7
      },
      {
        "colsample_bytree": 0.7,
        "learning_rate": 0.1,
        "max_depth": 6,
        "n_estimators": 50,
        "subsample": 0.8
      },
      {
        "colsample_bytree": 0.7,
        "learning_rate": 0.1,
        "max_depth": 6,
        "n_estimators": 50,
        "subsample": 0.9
      },
      {
        "colsample_bytree": 0.7,
        "learning_rate": 0.1,
        "max_depth": 6,
        "n_estimators": 100,
        "subsample": 0.7
      },
      {
        "colsample_bytree": 0.7,
        "learning_rate": 0.1,
        "max_depth": 6,
        "n_estimators": 100,
        "subsample": 0.8
      },
      {
        "colsample_bytree": 0.7,
        "learning_rate": 0.1,
        "max_depth": 6,
        "n_estimators": 100,
        "subsample": 0.9
      },
      {
        "colsample_bytree": 0.7,
        "learning_rate": 0.3,
        "max_depth": 3,
        "n_estimators": 50,
        "subsample": 0.7
      },
      {
        "colsample_bytree": 0.7,
        "learning_rate": 0.3,
        "max_depth": 3,
        "n_estimators": 50,
        "subsample": 0.8
      },
      {
        "colsample_bytree": 0.7,
        "learning_rate": 0.3,
        "max_depth": 3,
        "n_estimators": 50,
        "subsample": 0.9
      },
      {
        "colsample_bytree": 0.7,
        "learning_rate": 0.3,
        "max_depth": 3,
        "n_estimators": 100,
        "subsample": 0.7
      },
      {
        "colsample_bytree": 0.7,
        "learning_rate": 0.3,
        "max_depth": 3,
        "n_estimators": 100,
        "subsample": 0.8
      },
      {
        "colsample_bytree": 0.7,
        "learning_rate": 0.3,
        "max_depth": 3,
        "n_estimators": 100,
        "subsample": 0.9
      },
      {
        "colsample_bytree": 0.7,
        "learning_rate": 0.3,
        "max_depth": 6,
        "n_estimators": 50,
        "subsample": 0.7
      },
      {
        "colsample_bytree": 0.7,
        "learning_rate": 0.3,
        "max_depth": 6,
        "n_estimators": 50,
        "subsample": 0.8
      },
      {
        "colsample_bytree": 0.7,
        "learning_rate": 0.3,
        "max_depth": 6,
        "n_estimators": 50,
        "subsample": 0.9
      },
      {
        "colsample_bytree": 0.7,
        "learning_rate": 0.3,
        "max_depth": 6,
        "n_estimators": 100,
        "subsample": 0.7
      },
      {
        "colsample_bytree": 0.7,
        "learning_rate": 0.3,
        "max_depth": 6,
        "n_estimators": 100,
        "subsample": 0.8
      },
      {
        "colsample_bytree": 0.7,
        "learning_rate": 0.3,
        "max_depth": 6,