{
  "algorithm": "XGBoost",
  "encoding": "PS_K-mers + FFT",
  "best_params": {
    "colsample_bytree": 0.7,
    "learning_rate": 0.1,
    "max_depth": 6,
    "n_estimators": 100,
    "subsample": 0.7
  },
  "best_score": 0.9817947771484292,
  "cv_results": {
    "mean_test_score": [
      0.9795670175436688,
      0.9785847850482693,
      0.9766170162882363,
      0.9813306301852732,
      0.9805386265241754,
      0.9793471798760383,
      0.9795790433865367,
      0.9788324124747059,
      0.9771321226881609,
      0.9817947771484292,
      0.9807779596320934,
      0.9800928155599063,
      0.9785574339470227,
      0.9770652805073091,
      0.976836241564053,
      0.9792977272490152,
      0.9770652805073091,
      0.976836241564053,
      0.977535601765705,
      0.978007512206441,
      0.9760942979999353,
      0.978016486612519,
      0.977527628511087,
      0.9760963657089933,
      0.9768518132347047,
      0.9780772610389408,
      0.9773928512411321,
      0.9800807475253777,
      0.9810688430419168,
      0.9791212463132251,
      0.9770777817924138,
      0.9780643290476048,
      0.9763741861157442,
      0.980070352129137,
      0.9803200401226411,
      0.9791231884912845,
      0.9773033719415297,
      0.9773044873687967,
      0.9775441016435249,
      0.9780393831774555,
      0.9768029648227156,
      0.9777829276086164,
      0.9765441350070185,
      0.9770617530825136,
      0.977328685957624,
      0.9773085149514216,
      0.977300924491462,
      0.9773403356712024,
      0.9764156814605954,
      0.9773444811322964,
      0.9766436065445834,
      0.9796083341620692,
      0.9798421771567563,
      0.9783734219333979,
      0.9763585902708398,
      0.978325367934062,
      0.9758658741603409,
      0.9790996728681828,
      0.9800484461340288,
      0.9790874301782401,
      0.9778355540898115,
      0.9780591515831819,
      0.9758603650818124,
      0.9788170601934854,
      0.9783135737156939,
      0.9766132958821713,
      0.9773727031281172,
      0.9773466278814109,
      0.9778074295135308,
      0.977610523986127,
      0.9771085096152557,
      0.978312739205801
    ],
    "std_test_score": [
      0.004862068148374311,
      0.00604171499376357,
      0.005108376355734648,
      0.0037134628936623397,
      0.00447515366027025,
      0.005195020746116001,
      0.004307182326953023,
      0.005423358041237551,
      0.005740641171608842,
      0.001928956595008826,
      0.004264768523528407,
      0.003787703667340239,
      0.0047906535420254494,
      0.004756016170484831,
      0.006000554318794476,
      0.005668019909655037,
      0.004756016170484849,
      0.006000554318794476,
      0.004137046916183335,
      0.004346518855685993,
      0.004738705053803798,
      0.004677228978812157,
      0.004405205129633463,
      0.005666644027784654,
      0.005025956978185591,
      0.00424303809572673,
      0.004844022332906069,
      0.003143072338135361,
      0.004194906552368258,
      0.005340357998329554,
      0.004415631982779619,
      0.003384085601976314,
      0.005125129639893608,
      0.003593167916331739,
      0.0031533528803424594,
      0.005238253879594871,
      0.0039066330661787834,
      0.005051607488017221,
      0.004985924509572419,
      0.004251306114705643,
      0.0045387057649921925,
      0.004962594276703623,
      0.001682700713113204,
      0.003982147245206923,
      0.0063133972145844605,
      0.0029552396941036453,
      0.00369724481663748,
      0.006321022322205931,
      0.005575187466019003,
      0.0047647764126336044,
      0.005849118643565682,
      0.005133915540543877,
      0.003083139758105039,
      0.004433906653443487,
      0.006054871420311103,
      0.003638161314918411,
      0.004891391105530293,
      0.0035771732389600778,
      0.003094462099420244,
      0.003793577034611723,
      0.004044508137258862,
      0.004301990268559799,
      0.007543569503971917,
      0.004681956317657433,
      0.0045096151910749265,
      0.007806458346263236,
      0.004739947614912212,
      0.004528600355147509,
      0.005948150902435154,
      0.005543507998509852,
      0.0048945493848367595,
      0.005450341198352983
    ],
    "params": [
      {
        "colsample_bytree": 0.7,
        "learning_rate": 0.1,
        "max_depth": 3,
        "n_estimators": 50,
        "subsample": 0.7
      },
      {
        "colsample_bytree": 0.7,
        "learning_rate": 0.1,
        "max_depth": 3,
        "n_estimators": 50,
        "subsample": 0.8
      },
      {
        "colsample_bytree": 0.7,
        "learning_rate": 0.1,
        "max_depth": 3,
        "n_estimators": 50,
        "subsample": 0.9
      },
      {
        "colsample_bytree": 0.7,
        "learning_rate": 0.1,
        "max_depth": 3,
        "n_estimators": 100,
        "subsample": 0.7
      },
      {
        "colsample_bytree": 0.7,
        "learning_rate": 0.1,
        "max_depth": 3,
        "n_estimators": 100,
        "subsample": 0.8
      },
      {
        "colsample_bytree": 0.7,
        "learning_rate": 0.1,
        "max_depth": 3,
        "n_estimators": 100,
        "subsample": 0.9
      },
      {
        "colsample_bytree": 0.7,
        "learning_rate": 0.1,
        "max_depth": 6,
        "n_estimators": 50,
        "subsample": 0.7
      },
      {
        "colsample_bytree": 0.7,
        "learning_rate": 0.1,
        "max_depth": 6,
        "n_estimators": 50,
        "subsample": 0.8
      },
      {
        "colsample_bytree": 0.7,
        "learning_rate": 0.1,
        "max_depth": 6,
        "n_estimators": 50,
        "subsample": 0.9
      },
      {
        "colsample_bytree": 0.7,
        "learning_rate": 0.1,
        "max_depth": 6,
        "n_estimators": 100,
        "subsample": 0.7
      },
      {
        "colsample_bytree": 0.7,
        "learning_rate": 0.1,
        "max_depth": 6,
        "n_estimators": 100,
        "subsample": 0.8
      },
      {
        "colsample_bytree": 0.7,
        "learning_rate": 0.1,
        "max_depth": 6,
        "n_estimators": 100,
        "subsample": 0.9
      },
      {
        "colsample_bytree": 0.7,
        "learning_rate": 0.3,
        "max_depth": 3,
        "n_estimators": 50,
        "subsample": 0.7
      },
      {
        "colsample_bytree": 0.7,
        "learning_rate": 0.3,
        "max_depth": 3,
        "n_estimators": 50,
        "subsample": 0.8
      },
      {
        "colsample_bytree": 0.7,
        "learning_rate": 0.3,
        "max_depth": 3,
        "n_estimators": 50,
        "subsample": 0.9
      },
      {
        "colsample_bytree": 0.7,
        "learning_rate": 0.3,
        "max_depth": 3,
        "n_estimators": 100,
        "subsample": 0.7
      },
      {
        "colsample_bytree": 0.7,
        "learning_rate": 0.3,
        "max_depth": 3,
        "n_estimators": 100,
        "subsample": 0.8
      },
      {
        "colsample_bytree": 0.7,
        "learning_rate": 0.3,
        "max_depth": 3,
        "n_estimators": 100,
        "subsample": 0.9
      },
      {
        "colsample_bytree": 0.7,
        "learning_rate": 0.3,
        "max_depth": 6,
        "n_estimators": 50,
        "subsample": 0.7
      },
      {
        "colsample_bytree": 0.7,
        "learning_rate": 0.3,
        "max_depth": 6,
        "n_estimators": 50,
        "subsample": 0.8
      },
      {
        "colsample_bytree": 0.7,
        "learning_rate": 0.3,
        "max_depth": 6,
        "n_estimators": 50,
        "subsample": 0.9
      },
      {
        "colsample_bytree": 0.7,
        "learning_rate": 0.3,
        "max_depth": 6,
        "n_estimators": 100,
        "subsample": 0.7
      },
      {
        "colsample_bytree": 0.7,
        "learning_rate": 0.3,
        "max_depth": 6,
        "n_estimators": 100,
        "subsample": 0.8
      },
      {
        "colsample_bytree": 0.7,
        "learning_rate": 0.3,
        "max_depth": 6,
        "n_estimators": 100,