{
  "algorithm": "XGBoost",
  "encoding": "PS_One Hot + Wavelet",
  "best_params": {
    "colsample_bytree": 0.9,
    "learning_rate": 0.1,
    "max_depth": 6,
    "n_estimators": 100,
    "subsample": 0.7
  },
  "best_score": 0.9387994948969867,
  "cv_results": {
    "mean_test_score": [
      0.9293327357298369,
      0.9303214633961664,
      0.9297873050027846,
      0.9385900950567787,
      0.9376796008214914,
      0.9360861608841844,
      0.9351025744848458,
      0.9328323603266107,
      0.935894889596897,
      0.9379905392230985,
      0.9362225240123644,
      0.9383963777343475,
      0.9343492141728953,
      0.9322955496268749,
      0.9350857238920961,
      0.93623397975239,
      0.9331496796623757,
      0.9357830812668496,
      0.9336494219662109,
      0.9301986569885917,
      0.93231473581709,
      0.9343373118739308,
      0.9306887786698914,
      0.9324888407535965,
      0.9303691315580147,
      0.9317284453023934,
      0.9307908387234252,
      0.9377416343759538,
      0.9362958408940709,
      0.9369148910495182,
      0.9353553669168168,
      0.9333234357888507,
      0.9355334609452981,
      0.938510368285368,
      0.9374577486538305,
      0.9383360824621956,
      0.9319003831069509,
      0.9330350409061529,
      0.9329986879516442,
      0.9325197972053093,
      0.9337980816656458,
      0.9348076373703034,
      0.9318744895825463,
      0.9311241205025516,
      0.9326507009707765,
      0.9336138046209278,
      0.931633328537683,
      0.9327832157740662,
      0.9291651671651223,
      0.9308955108176871,
      0.9288783311806645,
      0.9377836426025393,
      0.9384544169243358,
      0.9346941533543042,
      0.9339173504928528,
      0.934608049652444,
      0.9324311672135719,
      0.9387994948969867,
      0.9358412459440032,
      0.936404648471248,
      0.9335615105737123,
      0.9349109418414093,
      0.9331362951786819,
      0.935260268499241,
      0.9353219652678628,
      0.9335009483126587,
      0.9336162982253464,
      0.9299327203383603,
      0.9307841152184784,
      0.9340687574174404,
      0.9311349181861128,
      0.9314323816183302
    ],
    "std_test_score": [
      0.0057591377575297534,
      0.004836060876910601,
      0.00604529380115521,
      0.0037928511739848884,
      0.003687602760083221,
      0.004260018409965906,
      0.004946985944861299,
      0.004617987440365875,
      0.00737512738611849,
      0.004563310099256416,
      0.004556223534806033,
      0.00633969421880529,
      0.005955811791604059,
      0.002026577779425655,
      0.0035215962350207686,
      0.005969838397755321,
      0.0010172639686490891,
      0.003394989082321039,
      0.006949761366371914,
      0.003801371012245663,
      0.0038880912134854314,
      0.007854430117053784,
      0.004732487707251342,
      0.003993858542027534,
      0.0048934354117584076,
      0.005691642249593619,
      0.0073926517258908865,
      0.00467866705577346,
      0.004859635436295524,
      0.005225984403884401,
      0.005206109396213787,
      0.005519420997210923,
      0.0077999759366574216,
      0.005414673441305684,
      0.0061341365650079156,
      0.00803091582710544,
      0.005038254437566937,
      0.005852778479082247,
      0.002780535338745577,
      0.006334573207438825,
      0.005514725469203482,
      0.0031500110242712208,
      0.004781171283996451,
      0.0054493607427161875,
      0.005312063150055664,
      0.0043083454763275806,
      0.006537349624329206,
      0.004111799753611148,
      0.005784354950955965,
      0.00724846023344872,
      0.006859123629280123,
      0.006810035743079193,
      0.0035421796998647446,
      0.00394283956891571,
      0.0051052559788761056,
      0.005101754047225732,
      0.008229504474032144,
      0.005099291851264457,
      0.004555255043296987,
      0.0073259922711752315,
      0.005528889163062129,
      0.0053256088093139925,
      0.0022383922841407835,
      0.006217994475133298,
      0.005517325498806742,
      0.0015597099151928935,
      0.007074807125528444,
      0.005239213463278077,
      0.006330918536845022,
      0.0077504802941861595,
      0.004865947979502459,
      0.006246978452686197
    ],
    "params": [
      {
        "colsample_bytree": 0.7,
        "learning_rate": 0.1,
        "max_depth": 3,
        "n_estimators": 50,
        "subsample": 0.7
      },
      {
        "colsample_bytree": 0.7,
        "learning_rate": 0.1,
        "max_depth": 3,
        "n_estimators": 50,
        "subsample": 0.8
      },
      {
        "colsample_bytree": 0.7,
        "learning_rate": 0.1,
        "max_depth": 3,
        "n_estimators": 50,
        "subsample": 0.9
      },
      {
        "colsample_bytree": 0.7,
        "learning_rate": 0.1,
        "max_depth": 3,
        "n_estimators": 100,
        "subsample": 0.7
      },
      {
        "colsample_bytree": 0.7,
        "learning_rate": 0.1,
        "max_depth": 3,
        "n_estimators": 100,
        "subsample": 0.8
      },
      {
        "colsample_bytree": 0.7,
        "learning_rate": 0.1,
        "max_depth": 3,
        "n_estimators": 100,
        "subsample": 0.9
      },
      {
        "colsample_bytree": 0.7,
        "learning_rate": 0.1,
        "max_depth": 6,
        "n_estimators": 50,
        "subsample": 0.7
      },
      {
        "colsample_bytree": 0.7,
        "learning_rate": 0.1,
        "max_depth": 6,
        "n_estimators": 50,
        "subsample": 0.8
      },
      {
        "colsample_bytree": 0.7,
        "learning_rate": 0.1,
        "max_depth": 6,
        "n_estimators": 50,
        "subsample": 0.9
      },
      {
        "colsample_bytree": 0.7,
        "learning_rate": 0.1,
        "max_depth": 6,
        "n_estimators": 100,
        "subsample": 0.7
      },
      {
        "colsample_bytree": 0.7,
        "learning_rate": 0.1,
        "max_depth": 6,
        "n_estimators": 100,
        "subsample": 0.8
      },
      {
        "colsample_bytree": 0.7,
        "learning_rate": 0.1,
        "max_depth": 6,
        "n_estimators": 100,
        "subsample": 0.9
      },
      {
        "colsample_bytree": 0.7,
        "learning_rate": 0.3,
        "max_depth": 3,
        "n_estimators": 50,
        "subsample": 0.7
      },
      {
        "colsample_bytree": 0.7,
        "learning_rate": 0.3,
        "max_depth": 3,
        "n_estimators": 50,
        "subsample": 0.8
      },
      {
        "colsample_bytree": 0.7,
        "learning_rate": 0.3,
        "max_depth": 3,
        "n_estimators": 50,
        "subsample": 0.9
      },
      {
        "colsample_bytree": 0.7,
        "learning_rate": 0.3,
        "max_depth": 3,
        "n_estimators": 100,
        "subsample": 0.7
      },
      {
        "colsample_bytree": 0.7,
        "learning_rate": 0.3,
        "max_depth": 3,
        "n_estimators": 100,
        "subsample": 0.8
      },
      {
        "colsample_bytree": 0.7,
        "learning_rate": 0.3,
        "max_depth": 3,
        "n_estimators": 100,
        "subsample": 0.9
      },
      {
        "colsample_bytree": 0.7,
        "learning_rate": 0.3,
        "max_depth": 6,
        "n_estimators": 50,
        "subsample": 0.7
      },
      {
        "colsample_bytree": 0.7,
        "learning_rate": 0.3,
        "max_depth": 6,
        "n_estimators": 50,
        "subsample": 0.8
      },
      {
        "colsample_bytree": 0.7,
        "learning_rate": 0.3,
        "max_depth": 6,
        "n_estimators": 50,
        "subsample": 0.9
      },
      {
        "colsample_bytree": 0.7,
        "learning_rate": 0.3,
        "max_depth": 6,
        "n_estimators": 100,
        "subsample": 0.7
      },
      {
        "colsample_bytree": 0.7,
        "learning_rate": 0.3,
        "max_depth": 6,
        "n_estimators": 100,
        "subsample": 0.8
      },
      {
        "colsample_bytree": 0.7,
        "learning_rate": 0.3,
        "max_depth": 6,
        "n_estimators": 100,