{
  "algorithm": "XGBoost",
  "encoding": "PS_K-mers",
  "best_params": {
    "colsample_bytree": 0.7,
    "learning_rate": 0.1,
    "max_depth": 6,
    "n_estimators": 100,
    "subsample": 0.7
  },
  "best_score": 0.9474360074092247,
  "cv_results": {
    "mean_test_score": [
      0.942873646698007,
      0.9430147871664223,
      0.9437886818915665,
      0.9447539466770337,
      0.9455011221167723,
      0.9452336379984525,
      0.9447608013702814,
      0.9448497442652206,
      0.9432121063619061,
      0.9474360074092247,
      0.9457645949018032,
      0.9432170949587,
      0.9412531787364682,
      0.9428977363418406,
      0.9427450208903239,
      0.9421305195362676,
      0.9433730766599148,
      0.9429229653418559,
      0.939209870696153,
      0.9421343284625868,
      0.9419122286341034,
      0.9404259251150062,
      0.9424353222063455,
      0.9425393399429739,
      0.9403453171287083,
      0.9400560371681864,
      0.9437540029231201,
      0.9447141627661504,
      0.9447037936290317,
      0.9454770068882393,
      0.9430799456836759,
      0.9423872603829808,
      0.9421416909462504,
      0.9454527790499017,
      0.9447272558945301,
      0.9439820001948318,
      0.9396117973652578,
      0.9419190381253136,
      0.9418521537357776,
      0.9405926576444819,
      0.9429029872374585,
      0.9435561229570556,
      0.9397101381936341,
      0.9416481838063591,
      0.9428187760709085,
      0.9397368720541251,
      0.9425364904471701,
      0.9427625873148383,
      0.9417888813570696,
      0.9400261796938955,
      0.9424948766611543,
      0.9437078217573415,
      0.9449272725116721,
      0.9459893939903405,
      0.9431519842226039,
      0.9424686103923335,
      0.9428881146044132,
      0.9454491581148867,
      0.9439250392355897,
      0.943727180954577,
      0.9386642219355681,
      0.9417226179306922,
      0.943174565362739,
      0.9394131571698852,
      0.9418991605649072,
      0.9429390355720224,
      0.9388551097637949,
      0.9436576294465808,
      0.941935712410125,
      0.9390947157365286,
      0.9446480663535335,
      0.9416076066261152
    ],
    "std_test_score": [
      0.00575629860399685,
      0.004594114782598723,
      0.005920034299465629,
      0.0074237901747099926,
      0.005906548320425077,
      0.006991122417175015,
      0.007481645927592779,
      0.004749537747850804,
      0.006697584121040879,
      0.008762681628867452,
      0.006563378768833746,
      0.007463077403182925,
      0.005428926390841255,
      0.005681368376127138,
      0.006495282869303161,
      0.005222729347737757,
      0.0062780527942757755,
      0.006487547603478809,
      0.007925427554739671,
      0.0055483481195269324,
      0.007414057823053425,
      0.0085809496107779,
      0.0069150678565860135,
      0.0064374714846558295,
      0.008445850562504742,
      0.005101848064141617,
      0.006407474688092161,
      0.007167522146391501,
      0.004884933085049084,
      0.006461563559146951,
      0.00619449949925593,
      0.006818732585190259,
      0.008475543949771883,
      0.006936970324898283,
      0.005860926612544195,
      0.008412077695394891,
      0.00557486064706655,
      0.004235666756579511,
      0.004717761362039372,
      0.00685122111137166,
      0.005881859677421851,
      0.006338166939634692,
      0.007363768726814698,
      0.005495033151414786,
      0.006262545949439465,
      0.007179913101141181,
      0.005300664876181515,
      0.005639551200156984,
      0.007366606242480842,
      0.0068513057685450855,
      0.007711608449524048,
      0.007185791086147168,
      0.006905621026611426,
      0.0073543975070387785,
      0.006325641248931897,
      0.008080710342219506,
      0.009102530972127315,
      0.006999878131355906,
      0.008288610963458853,
      0.007140032438591848,
      0.008613582756441125,
      0.004437331863829291,
      0.009438514963229514,
      0.008118841412699558,
      0.0048121830414325295,
      0.008809817816803405,
      0.008047682947256454,
      0.005611559661303164,
      0.00923119669570644,
      0.006936007986878172,
      0.00653550962733185,
      0.008657103295368408
    ],
    "params": [
      {
        "colsample_bytree": 0.7,
        "learning_rate": 0.1,
        "max_depth": 3,
        "n_estimators": 50,
        "subsample": 0.7
      },
      {
        "colsample_bytree": 0.7,
        "learning_rate": 0.1,
        "max_depth": 3,
        "n_estimators": 50,
        "subsample": 0.8
      },
      {
        "colsample_bytree": 0.7,
        "learning_rate": 0.1,
        "max_depth": 3,
        "n_estimators": 50,
        "subsample": 0.9
      },
      {
        "colsample_bytree": 0.7,
        "learning_rate": 0.1,
        "max_depth": 3,
        "n_estimators": 100,
        "subsample": 0.7
      },
      {
        "colsample_bytree": 0.7,
        "learning_rate": 0.1,
        "max_depth": 3,
        "n_estimators": 100,
        "subsample": 0.8
      },
      {
        "colsample_bytree": 0.7,
        "learning_rate": 0.1,
        "max_depth": 3,
        "n_estimators": 100,
        "subsample": 0.9
      },
      {
        "colsample_bytree": 0.7,
        "learning_rate": 0.1,
        "max_depth": 6,
        "n_estimators": 50,
        "subsample": 0.7
      },
      {
        "colsample_bytree": 0.7,
        "learning_rate": 0.1,
        "max_depth": 6,
        "n_estimators": 50,
        "subsample": 0.8
      },
      {
        "colsample_bytree": 0.7,
        "learning_rate": 0.1,
        "max_depth": 6,
        "n_estimators": 50,
        "subsample": 0.9
      },
      {
        "colsample_bytree": 0.7,
        "learning_rate": 0.1,
        "max_depth": 6,
        "n_estimators": 100,
        "subsample": 0.7
      },
      {
        "colsample_bytree": 0.7,
        "learning_rate": 0.1,
        "max_depth": 6,
        "n_estimators": 100,
        "subsample": 0.8
      },
      {
        "colsample_bytree": 0.7,
        "learning_rate": 0.1,
        "max_depth": 6,
        "n_estimators": 100,
        "subsample": 0.9
      },
      {
        "colsample_bytree": 0.7,
        "learning_rate": 0.3,
        "max_depth": 3,
        "n_estimators": 50,
        "subsample": 0.7
      },
      {
        "colsample_bytree": 0.7,
        "learning_rate": 0.3,
        "max_depth": 3,
        "n_estimators": 50,
        "subsample": 0.8
      },
      {
        "colsample_bytree": 0.7,
        "learning_rate": 0.3,
        "max_depth": 3,
        "n_estimators": 50,
        "subsample": 0.9
      },
      {
        "colsample_bytree": 0.7,
        "learning_rate": 0.3,
        "max_depth": 3,
        "n_estimators": 100,
        "subsample": 0.7
      },
      {
        "colsample_bytree": 0.7,
        "learning_rate": 0.3,
        "max_depth": 3,
        "n_estimators": 100,
        "subsample": 0.8
      },
      {
        "colsample_bytree": 0.7,
        "learning_rate": 0.3,
        "max_depth": 3,
        "n_estimators": 100,
        "subsample": 0.9
      },
      {
        "colsample_bytree": 0.7,
        "learning_rate": 0.3,
        "max_depth": 6,
        "n_estimators": 50,
        "subsample": 0.7
      },
      {
        "colsample_bytree": 0.7,
        "learning_rate": 0.3,
        "max_depth": 6,
        "n_estimators": 50,
        "subsample": 0.8
      },
      {
        "colsample_bytree": 0.7,
        "learning_rate": 0.3,
        "max_depth": 6,
        "n_estimators": 50,
        "subsample": 0.9
      },
      {
        "colsample_bytree": 0.7,
        "learning_rate": 0.3,
        "max_depth": 6,
        "n_estimators": 100,
        "subsample": 0.7
      },
      {
        "colsample_bytree": 0.7,
        "learning_rate": 0.3,
        "max_depth": 6,
        "n_estimators": 100,
        "subsample": 0.8
      },
      {
        "colsample_bytree": 0.7,
        "learning_rate": 0.3,
        "max_depth": 6,
        "n_estimators": 100,