{
  "algorithm": "XGBoost",
  "encoding": "AS_One Hot + Wavelet",
  "best_params": {
    "colsample_bytree": 0.9,
    "learning_rate": 0.3,
    "max_depth": 6,
    "n_estimators": 50,
    "subsample": 0.7
  },
  "best_score": 0.9911710870921635,
  "cv_results": {
    "mean_test_score": [
      0.9906827269636507,
      0.9906790985404017,
      0.9901866448356067,
      0.9906710603929305,
      0.9906710603929305,
      0.9899279015553978,
      0.9904364215449315,
      0.9904328716880041,
      0.9904329502543259,
      0.9906710603929305,
      0.9909174443779714,
      0.9896857682792823,
      0.990937368540027,
      0.9899309558562328,
      0.9899281055706914,
      0.9909290242548193,
      0.9899309558562328,
      0.9899277444227543,
      0.9906827188361002,
      0.9899352770039295,
      0.9896818001519723,
      0.9909247816734442,
      0.9899309558562328,
      0.9896818001519723,
      0.9897112877231506,
      0.9906792556730452,
      0.9901904858557817,
      0.9909216165205752,
      0.9901867938406997,
      0.9899274999941976,
      0.9901939740035293,
      0.9906711235306818,
      0.9901904858557817,
      0.9909172953728784,
      0.990174206974117,
      0.9896853667180823,
      0.9909334239688379,
      0.989692153447262,
      0.9899281055706914,
      0.9906912121264009,
      0.9899390879985962,
      0.9899281055706914,
      0.9909243801122442,
      0.9896840998712204,
      0.989927822989076,
      0.9909331963974232,
      0.9896840998712204,
      0.990178300550399,
      0.9889630750542924,
      0.9894572434477586,
      0.9896992277187809,
      0.9904246059691182,
      0.990174206974117,
      0.9896853667180823,
      0.9889630750542924,
      0.9897012844518098,
      0.9899475113042072,
      0.990428778111722,
      0.990174206974117,
      0.9896853667180823,
      0.9911594990877651,
      0.9901860929887014,
      0.9894306384478335,
      0.9909172086790061,
      0.9901699562651913,
      0.9894306384478335,
      0.9911710870921635,
      0.9896838877283761,
      0.9896729838667933,
      0.9909290242548193,
      0.98942426914874,
      0.989923249285272
    ],
    "std_test_score": [
      0.003507378960063272,
      0.0035230673562713197,
      0.0038084197364068187,
      0.0037680771573948032,
      0.003522437538838003,
      0.0039201891972543,
      0.0037419791626855073,
      0.00359266525785713,
      0.0035939820595185658,
      0.0037680771573948032,
      0.003520137898355942,
      0.00415654378604393,
      0.0034991006842365773,
      0.003995841162228454,
      0.003989338474316323,
      0.0035096256870522733,
      0.003995841162228454,
      0.00399444616659126,
      0.003512787594524846,
      0.003990748217464503,
      0.004295039134003807,
      0.003247350324129706,
      0.003995841162228454,
      0.004295039134003807,
      0.004140823849602043,
      0.003437249492538072,
      0.003882528311379678,
      0.0035150259166303577,
      0.0038056775344397086,
      0.004068810438268745,
      0.003866110733453774,
      0.003432525492011671,
      0.003882528311379678,
      0.0035189395972480505,
      0.0038084865937016597,
      0.004156969475280609,
      0.0032420377819891693,
      0.0041555730535793355,
      0.003989338474316323,
      0.003338875898924539,
      0.00399629828840805,
      0.003989338474316323,
      0.003515504209526,
      0.004161808601053831,
      0.003920234195965416,
      0.003245339815541211,
      0.004161808601053831,
      0.003732142767123622,
      0.004715728486492411,
      0.004362975933279648,
      0.004296776571845224,
      0.0037541636547160006,
      0.0038084865937016597,
      0.004156969475280609,
      0.004715728486492411,
      0.004152072942045265,
      0.004063070590615755,
      0.0037538626531057736,
      0.0038084865937016597,
      0.004156969475280609,
      0.003237747773463119,
      0.003724248544844244,
      0.0044422721434005255,
      0.003257676326248126,
      0.00373617369622102,
      0.0044422721434005255,
      0.0032302738347401833,
      0.0041691237323419564,
      0.004159390487560089,
      0.0032462294773515244,
      0.004389768454650469,
      0.0039971538195022575
    ],
    "params": [
      {
        "colsample_bytree": 0.7,
        "learning_rate": 0.1,
        "max_depth": 3,
        "n_estimators": 50,
        "subsample": 0.7
      },
      {
        "colsample_bytree": 0.7,
        "learning_rate": 0.1,
        "max_depth": 3,
        "n_estimators": 50,
        "subsample": 0.8
      },
      {
        "colsample_bytree": 0.7,
        "learning_rate": 0.1,
        "max_depth": 3,
        "n_estimators": 50,
        "subsample": 0.9
      },
      {
        "colsample_bytree": 0.7,
        "learning_rate": 0.1,
        "max_depth": 3,
        "n_estimators": 100,
        "subsample": 0.7
      },
      {
        "colsample_bytree": 0.7,
        "learning_rate": 0.1,
        "max_depth": 3,
        "n_estimators": 100,
        "subsample": 0.8
      },
      {
        "colsample_bytree": 0.7,
        "learning_rate": 0.1,
        "max_depth": 3,
        "n_estimators": 100,
        "subsample": 0.9
      },
      {
        "colsample_bytree": 0.7,
        "learning_rate": 0.1,
        "max_depth": 6,
        "n_estimators": 50,
        "subsample": 0.7
      },
      {
        "colsample_bytree": 0.7,
        "learning_rate": 0.1,
        "max_depth": 6,
        "n_estimators": 50,
        "subsample": 0.8
      },
      {
        "colsample_bytree": 0.7,
        "learning_rate": 0.1,
        "max_depth": 6,
        "n_estimators": 50,
        "subsample": 0.9
      },
      {
        "colsample_bytree": 0.7,
        "learning_rate": 0.1,
        "max_depth": 6,
        "n_estimators": 100,
        "subsample": 0.7
      },
      {
        "colsample_bytree": 0.7,
        "learning_rate": 0.1,
        "max_depth": 6,
        "n_estimators": 100,
        "subsample": 0.8
      },
      {
        "colsample_bytree": 0.7,
        "learning_rate": 0.1,
        "max_depth": 6,
        "n_estimators": 100,
        "subsample": 0.9
      },
      {
        "colsample_bytree": 0.7,
        "learning_rate": 0.3,
        "max_depth": 3,
        "n_estimators": 50,
        "subsample": 0.7
      },
      {
        "colsample_bytree": 0.7,
        "learning_rate": 0.3,
        "max_depth": 3,
        "n_estimators": 50,
        "subsample": 0.8
      },
      {
        "colsample_bytree": 0.7,
        "learning_rate": 0.3,
        "max_depth": 3,
        "n_estimators": 50,
        "subsample": 0.9
      },
      {
        "colsample_bytree": 0.7,
        "learning_rate": 0.3,
        "max_depth": 3,
        "n_estimators": 100,
        "subsample": 0.7
      },
      {
        "colsample_bytree": 0.7,
        "learning_rate": 0.3,
        "max_depth": 3,
        "n_estimators": 100,
        "subsample": 0.8
      },
      {
        "colsample_bytree": 0.7,
        "learning_rate": 0.3,
        "max_depth": 3,
        "n_estimators": 100,
        "subsample": 0.9
      },
      {
        "colsample_bytree": 0.7,
        "learning_rate": 0.3,
        "max_depth": 6,
        "n_estimators": 50,
        "subsample": 0.7
      },
      {
        "colsample_bytree": 0.7,
        "learning_rate": 0.3,
        "max_depth": 6,
        "n_estimators": 50,
        "subsample": 0.8
      },
      {
        "colsample_bytree": 0.7,
        "learning_rate": 0.3,
        "max_depth": 6,
        "n_estimators": 50,
        "subsample": 0.9
      },
      {
        "colsample_bytree": 0.7,
        "learning_rate": 0.3,
        "max_depth": 6,
        "n_estimators": 100,
        "subsample": 0.7
      },
      {
        "colsample_bytree": 0.7,
        "learning_rate": 0.3,
        "max_depth": 6,
        "n_estimators": 100,
        "subsample": 0.8
      },
      {
        "colsample_bytree": 0.7,
        "learning_rate": 0.3,
        "max_depth": 6,
        "n_estimators": 100,